Ad_Spend,Ad_Length,Audience_Age,Audience_Income,Ad_Platform,Ad_Type,ROI
30189.46,40,62,136912.06,Google,Text,2.87
42834.04,34,51,33806.65,Facebook,Image,1.18
26498.4,29,25,138414.69,Instagram,Video,3.33
38238.14,34,28,69965.34,Instagram,Text,4.71
48000.11,30,31,89270.79,Instagram,Video,2.16
9014.26,16,40,144441.25,Twitter,Text,0.95
10362.07,41,63,32417.86,Facebook,Text,2.93
27090.72,49,26,55193.28,Facebook,Text,1.61
37471.8,46,45,102321.31,Twitter,Image,2.82
39250.76,34,64,51082.74,Facebook,Video,3.67
9579.08,25,38,80701.07,Twitter,Image,2.8
20319.32,24,38,32335.15,Twitter,Text,0.87
47719.49,35,34,72060.52,Facebook,Text,4.99
7956.15,27,27,41904.08,Twitter,Text,1.46
35068.24,44,22,69277.0,Facebook,Text,2.38
34133.2,47,18,104830.65,Google,Image,0.65
20078.99,26,40,45576.19,Google,Video,2.01
27791.03,38,62,136360.72,Google,Image,2.22
43780.82,33,38,64912.53,Facebook,Video,2.42
43796.66,42,41,45851.25,Twitter,Text,1.39
13724.22,27,49,110930.47,Google,Text,1.06
49670.35,58,62,95851.97,Google,Text,0.84
2902.66,58,27,102935.65,Google,Image,1.28
28591.88,41,22,66281.3,Google,Text,3.03
14937.73,36,46,58760.03,Instagram,Video,4.25
15259.15,38,48,116827.44,Google,Image,3.2
25001.25,56,50,29541.56,Facebook,Video,4.48
44435.19,29,51,41531.8,Facebook,Video,3.49
16109.94,57,39,85578.98,Twitter,Video,4.82
37652.19,38,56,30567.24,Facebook,Image,0.98
49254.18,47,51,58784.65,Twitter,Image,1.42
24440.51,17,45,61491.83,Google,Video,3.69
42691.03,37,21,71346.03,Instagram,Image,0.66
6506.05,33,65,83319.3,Instagram,Text,4.46
25329.56,60,27,134161.85,Twitter,Image,2.47
38185.67,22,21,129821.67,Google,Text,4.05
33737.51,23,40,83615.87,Instagram,Video,1.94
41376.45,49,54,29663.25,Google,Image,4.9
26427.73,30,22,146076.57,Instagram,Text,0.75
46492.27,30,53,99773.33,Instagram,Image,1.07
46329.07,60,59,47348.74,Instagram,Image,2.75
2906.14,49,56,21191.85,Google,Text,4.3
40350.42,18,30,118314.95,Facebook,Video,1.08
30785.0,18,63,125887.74,Google,Image,4.09
13209.4,36,45,37884.36,Instagram,Video,1.05
27751.09,43,30,127762.33,Facebook,Image,4.46
34591.84,38,20,113775.3,Twitter,Video,4.57
43015.71,37,39,63961.73,Google,Image,0.83
36214.79,47,20,64467.8,Google,Image,2.28
29630.09,31,38,35293.1,Twitter,Text,2.48
46125.23,53,20,49626.95,Twitter,Text,0.77
6719.14,34,25,145586.9,Instagram,Video,3.42
19200.81,41,46,132477.22,Facebook,Video,2.55
34955.29,42,35,117088.23,Instagram,Text,4.97
7697.57,13,46,65975.19,Instagram,Video,4.53
16682.13,43,20,35706.44,Facebook,Image,1.83
49894.1,36,58,62805.23,Twitter,Image,3.8
46781.94,49,39,127637.65,Facebook,Image,1.82
7371.32,49,57,135589.14,Instagram,Image,4.92
44596.69,25,64,21810.67,Instagram,Video,4.44
19470.77,30,50,116483.7,Facebook,Text,0.73
11826.14,14,65,66994.67,Twitter,Image,4.74
20582.48,46,26,117144.76,Facebook,Image,3.92
40110.17,39,20,81962.74,Facebook,Image,3.62
16073.15,18,46,34037.42,Instagram,Image,0.65
7506.98,25,48,41139.66,Facebook,Image,3.44
6597.68,42,63,129075.77,Instagram,Image,1.4
49453.8,17,62,61296.08,Twitter,Image,3.58
12607.72,45,36,44679.44,Google,Video,1.72
31382.51,44,31,28189.49,Twitter,Image,1.38
45526.06,53,45,75358.39,Twitter,Text,4.99
38458.42,21,25,125408.81,Facebook,Image,2.64
17366.98,48,36,52457.67,Twitter,Video,3.88
41282.47,22,38,44579.05,Instagram,Image,3.96
41552.51,23,26,54034.19,Instagram,Image,2.81
28360.57,58,45,23368.15,Google,Video,0.9
45043.32,18,60,137264.1,Facebook,Image,0.59
1430.22,59,49,131534.87,Instagram,Text,4.83
13197.25,40,44,34092.21,Facebook,Text,3.3
1010.79,56,20,61663.91,Google,Text,1.66
23316.25,47,24,120893.63,Instagram,Image,2.82
45063.91,29,53,37657.11,Instagram,Text,3.55
28910.57,27,21,23175.22,Google,Video,2.66
47384.73,48,50,60768.33,Facebook,Video,1.7
29309.49,60,47,72317.36,Facebook,Video,0.61
13370.19,43,49,107213.18,Twitter,Video,3.17
29042.41,13,59,111541.59,Facebook,Video,1.11
2268.32,57,59,115526.44,Instagram,Image,4.07
49151.15,11,44,114402.01,Twitter,Video,4.66
15606.3,36,25,125151.4,Twitter,Video,0.85
46060.39,59,20,83193.98,Twitter,Text,2.53
48494.05,26,48,140805.85,Facebook,Text,4.71
28149.3,13,48,89886.69,Facebook,Image,3.6
1758.05,15,49,44050.26,Instagram,Image,3.99
33605.45,45,18,102316.63,Instagram,Video,1.73
45041.62,44,34,50719.8,Google,Text,2.14
47426.11,30,19,108395.41,Twitter,Text,1.04
45522.63,60,21,62498.04,Facebook,Text,2.68
6575.91,59,59,75921.88,Facebook,Image,0.91
29025.29,44,37,52481.08,Facebook,Video,1.09
13368.47,59,45,30454.25,Google,Image,2.84
14251.85,23,39,69078.82,Google,Image,2.42
43164.85,13,42,52149.06,Google,Image,4.31
11689.75,38,59,81352.15,Facebook,Text,4.31
23412.74,26,42,139465.87,Twitter,Text,3.8
19035.66,49,22,141217.16,Instagram,Video,0.65
38456.57,20,64,112972.73,Google,Text,0.68
41689.37,59,43,84206.83,Facebook,Image,3.01
24075.15,31,30,87146.18,Twitter,Text,2.82
19322.22,25,35,25988.4,Google,Image,3.55
35481.34,20,24,65026.73,Facebook,Text,3.02
7865.59,35,40,60992.04,Facebook,Text,3.39
22208.91,50,37,106645.12,Google,Video,2.43
38845.79,33,28,119939.28,Instagram,Video,0.75
4454.34,38,53,93617.19,Instagram,Text,1.52
49889.7,15,27,31921.47,Twitter,Text,3.34
10079.93,35,58,123007.72,Facebook,Video,4.13
28844.99,50,47,132634.33,Google,Text,4.53
43343.54,14,42,139938.95,Google,Image,3.88
35819.03,34,22,111651.27,Google,Text,1.11
9734.27,27,37,28879.8,Instagram,Text,0.66
28822.08,37,51,47295.95,Google,Video,3.55
43607.34,42,20,21510.11,Facebook,Video,3.22
33462.97,55,35,68207.82,Google,Image,3.71
26397.58,44,33,78979.82,Instagram,Video,2.4
23004.25,52,57,111991.44,Facebook,Video,4.19
45243.28,35,19,133602.95,Google,Image,2.52
21241.84,31,28,125641.83,Twitter,Text,3.91
28241.03,46,50,74384.94,Twitter,Video,0.68
5032.18,36,50,138949.52,Google,Image,3.03
21088.11,57,31,89050.76,Instagram,Image,2.43
27038.88,40,54,135162.75,Facebook,Image,2.04
25549.67,57,52,145412.64,Facebook,Image,2.64
13540.28,60,44,60974.26,Facebook,Text,1.33
35888.84,43,65,72653.83,Facebook,Video,2.8
42849.4,39,52,109679.38,Facebook,Video,2.91
27800.89,10,61,25686.68,Facebook,Video,2.69
35028.93,50,60,69135.65,Google,Text,2.63
9762.29,25,63,118435.9,Instagram,Image,1.52
35934.88,29,19,127397.35,Facebook,Image,1.29
15777.85,30,46,104582.12,Facebook,Text,1.75
3124.92,51,60,49262.82,Facebook,Image,4.65
29231.29,29,33,102714.87,Twitter,Image,3.03
21442.01,47,50,26902.29,Google,Text,2.26
49860.98,16,25,87854.7,Google,Text,1.78
39709.08,19,37,50693.13,Facebook,Image,3.51
9364.38,28,40,64305.63,Facebook,Image,2.44
7982.3,10,57,50044.05,Google,Video,1.56
13265.92,49,55,48503.53,Instagram,Video,1.07
34851.53,34,41,148928.78,Google,Image,4.66
39686.9,52,44,141374.83,Google,Image,3.69
44981.01,28,40,135914.34,Instagram,Video,2.4
9501.36,28,41,103691.23,Google,Video,0.64
33641.66,41,53,137345.33,Google,Image,2.4
47561.81,53,36,144722.76,Facebook,Image,1.74
28812.03,53,63,94023.77,Instagram,Image,4.33
40757.85,59,36,143263.98,Instagram,Text,3.41
49273.32,16,28,118474.68,Google,Video,4.3
2502.25,19,58,57934.76,Instagram,Video,4.39
18671.89,54,30,73956.91,Google,Text,0.93
36924.05,13,62,116269.39,Google,Video,3.15
12744.77,47,35,52002.64,Google,Image,2.6
33790.33,25,58,70624.77,Google,Image,4.64
33122.63,32,54,69979.9,Twitter,Text,3.63
23884.75,23,41,81399.19,Facebook,Video,1.61
23210.38,45,33,133472.86,Facebook,Text,2.63
11580.66,10,22,114972.26,Google,Image,3.1
8706.44,49,18,43432.76,Google,Image,3.36
22026.56,31,44,76800.38,Instagram,Video,1.67
14192.61,24,33,31651.88,Instagram,Video,3.68
43460.82,23,44,107496.95,Twitter,Text,3.44
43394.29,25,48,114863.85,Twitter,Text,2.22
48093.64,27,28,133247.51,Instagram,Image,3.56
33209.94,53,47,58311.89,Instagram,Image,1.79
22983.51,20,33,53522.11,Google,Text,0.83
30638.83,17,41,112478.43,Instagram,Video,3.76
39473.18,27,43,84834.45,Google,Image,4.76
42990.04,11,37,62167.18,Twitter,Text,1.83
3843.56,22,62,142681.89,Google,Video,4.75
41159.68,27,39,64941.86,Twitter,Text,3.12
38181.76,35,38,104952.01,Google,Image,2.44
35579.55,21,23,80329.38,Google,Image,3.7
24907.15,39,19,126007.26,Instagram,Text,4.21
13818.68,32,45,38003.85,Instagram,Text,2.79
15240.81,41,25,71345.88,Facebook,Text,3.76
13487.17,14,49,91422.74,Google,Text,3.74
12625.7,59,32,146229.7,Instagram,Image,3.91
26506.26,47,35,41656.63,Instagram,Image,1.56
10166.56,43,24,83648.61,Google,Video,3.76
39704.15,23,52,88445.88,Instagram,Text,0.76
10001.05,28,58,82997.31,Facebook,Text,0.81
26189.66,21,23,147558.43,Google,Video,0.9
6246.06,14,25,71559.16,Facebook,Image,2.45
31719.13,50,35,42021.12,Google,Image,3.56
47531.23,34,41,87929.65,Google,Image,1.57
45605.56,17,29,102618.49,Google,Video,4.69
9065.79,25,40,33388.49,Twitter,Video,4.69
9111.24,60,18,27634.27,Twitter,Video,3.23
7765.18,22,63,133317.42,Facebook,Image,0.55
28471.51,47,32,120563.95,Google,Video,4.08
23555.32,27,21,108808.59,Instagram,Image,3.6
49213.75,13,65,92868.19,Twitter,Image,0.77
47584.95,21,34,115981.82,Instagram,Text,0.84
47359.49,52,24,144149.24,Instagram,Video,2.87
47503.51,25,60,55934.89,Twitter,Image,3.82
32934.96,24,45,141367.92,Facebook,Text,1.37
17475.04,57,38,99859.97,Instagram,Video,2.59
27568.69,13,19,33543.78,Facebook,Video,4.27
3769.63,26,45,148868.34,Facebook,Video,4.95
20254.06,54,43,129179.08,Google,Image,1.11
49197.43,26,55,85546.06,Instagram,Text,1.83
19805.75,16,23,68529.37,Google,Image,3.14
30458.31,11,45,112069.81,Facebook,Image,3.43
8897.78,44,40,47838.6,Google,Video,1.89
24312.5,11,24,32694.13,Facebook,Text,4.81
4494.01,52,55,20723.84,Facebook,Video,1.87
9970.56,11,20,52047.61,Instagram,Text,3.85
19274.97,28,59,47166.56,Instagram,Image,2.79
9757.77,31,19,99592.32,Instagram,Image,0.63
14157.28,28,23,122432.16,Twitter,Video,4.44
23169.85,21,26,142486.21,Facebook,Video,1.84
8264.58,41,31,41460.91,Google,Image,2.13
49457.3,45,21,40854.78,Instagram,Text,1.28
12463.62,49,25,47618.49,Google,Video,4.12
24436.08,12,51,118804.77,Instagram,Image,1.71
29007.58,58,58,31753.05,Twitter,Text,4.01
36796.09,24,26,114574.37,Twitter,Text,1.76
48331.24,36,34,80812.97,Google,Video,4.25
45209.22,14,54,92076.22,Twitter,Video,1.6
21178.36,14,45,21903.97,Instagram,Video,1.14
22561.35,13,52,121903.59,Facebook,Image,3.6
26489.5,50,64,104648.61,Facebook,Text,2.57
39173.64,56,54,108593.2,Google,Text,1.23
2898.81,59,49,92186.62,Twitter,Text,3.91
14323.96,38,57,36598.4,Facebook,Image,1.68
46679.81,13,64,101722.59,Google,Text,0.95
12451.11,27,21,93191.76,Facebook,Image,1.88
12002.0,44,62,121130.49,Instagram,Image,3.2
4829.33,44,21,117902.74,Google,Image,4.59
29959.5,22,46,87777.71,Google,Text,2.08
27884.69,35,35,87491.31,Facebook,Image,4.68
7203.09,13,24,74748.45,Twitter,Image,3.09
17603.48,17,30,31697.43,Twitter,Image,1.92
31251.79,35,21,118876.95,Twitter,Text,3.35
28848.2,17,30,128673.19,Instagram,Text,3.99
24975.61,56,52,113997.77,Instagram,Text,2.48
42390.38,52,60,113923.23,Google,Text,1.55
2859.05,26,20,86064.64,Twitter,Text,1.87
45900.38,56,19,22618.21,Google,Video,1.4
16552.83,37,34,31112.3,Google,Video,5.0
48818.07,51,62,110022.69,Instagram,Text,1.13
18602.47,47,41,96047.38,Instagram,Text,2.47
8672.16,52,53,50016.22,Facebook,Image,4.08
18734.51,31,49,79465.84,Google,Video,1.32
15029.29,51,23,101329.71,Google,Video,1.63
6538.39,44,19,64585.88,Twitter,Image,4.55
22554.4,10,42,78587.25,Instagram,Image,2.55
23247.63,27,37,127900.28,Twitter,Text,0.98
2264.06,16,49,141401.28,Facebook,Video,1.95
23109.17,28,52,139827.38,Twitter,Video,2.96
4105.06,27,40,90552.04,Facebook,Video,1.2
11628.63,51,60,145401.66,Instagram,Text,1.35
23118.95,10,34,101975.97,Twitter,Text,1.75
15091.27,37,20,92331.63,Facebook,Text,4.73
10890.9,51,46,65627.62,Twitter,Video,3.23
4703.18,38,28,44821.76,Twitter,Image,3.85
38677.92,27,48,20991.39,Instagram,Text,4.81
45125.35,13,50,34692.49,Twitter,Image,0.64
42315.69,16,50,134073.44,Twitter,Image,0.66
24646.97,57,26,105741.04,Google,Image,2.53
11293.52,20,46,129592.22,Instagram,Text,1.64
8739.61,28,26,28453.48,Instagram,Image,5.0
28538.0,58,27,29336.74,Facebook,Image,3.23
43765.19,11,42,78862.04,Twitter,Video,3.8
2316.04,37,64,84582.21,Instagram,Image,3.53
28828.41,47,48,63991.05,Twitter,Image,2.85
25220.79,11,26,33692.75,Twitter,Text,2.47
42933.11,40,21,60536.51,Facebook,Text,1.23
28081.16,36,30,71544.41,Google,Image,1.75
45430.31,58,29,101737.77,Twitter,Text,2.96
48960.91,49,32,25726.43,Twitter,Image,3.85
1961.23,47,21,20864.05,Instagram,Text,4.82
42496.03,14,43,35978.11,Facebook,Image,1.67
26989.78,34,33,116150.47,Instagram,Video,0.72
37590.94,34,58,71972.18,Google,Video,3.29
40918.11,23,47,95211.68,Google,Image,3.84
40891.58,49,28,41417.2,Twitter,Image,3.52
41964.33,59,39,89077.69,Instagram,Text,4.8
28133.04,56,22,96858.57,Facebook,Text,3.58
17044.3,47,47,107721.97,Twitter,Video,3.53
33337.38,60,35,64077.59,Facebook,Image,4.37
30019.57,55,61,31053.05,Twitter,Image,2.45
26468.28,31,59,127517.11,Twitter,Text,1.46
19259.83,50,23,121833.82,Instagram,Video,2.8
7668.12,44,57,147459.49,Twitter,Video,3.3
39445.81,21,31,105944.36,Google,Image,0.97
36226.91,41,43,22260.54,Twitter,Image,1.76
3891.77,51,62,71501.93,Instagram,Text,3.46
26305.25,57,27,128024.14,Facebook,Image,1.74
25655.91,38,31,142275.81,Google,Text,1.88
9450.22,44,60,41898.5,Twitter,Text,2.33
3918.87,36,21,104663.94,Facebook,Video,4.6
37731.69,53,36,66434.08,Instagram,Text,4.37
25147.84,18,64,111334.31,Instagram,Text,0.55
48794.1,50,64,128098.25,Twitter,Video,1.02
24386.27,20,65,59993.09,Instagram,Image,3.68
28775.72,48,33,127401.26,Twitter,Text,4.88
47520.21,21,52,84820.53,Twitter,Image,4.22
34589.04,41,45,38351.17,Instagram,Image,0.68
1410.78,16,58,56699.6,Google,Text,3.97
30034.66,40,65,22684.0,Facebook,Video,4.4
34664.53,13,45,121390.37,Twitter,Video,1.82
43658.23,20,31,48336.32,Google,Video,2.48
31215.04,23,31,37784.3,Google,Text,2.67
43620.53,60,36,118542.32,Facebook,Image,3.2
32336.77,53,25,123296.23,Facebook,Text,0.85
14194.82,13,65,119051.81,Twitter,Video,4.19
36956.39,37,42,92339.04,Facebook,Text,3.69
23185.81,22,22,143273.78,Instagram,Video,1.31
21881.32,33,32,47177.23,Google,Text,2.47
29939.66,27,24,104476.55,Google,Text,4.73
2925.05,16,44,67519.09,Google,Video,0.99
39931.49,16,58,143287.28,Facebook,Video,4.69
1370.2,29,30,95544.01,Google,Video,4.05
19897.49,43,42,53426.33,Instagram,Text,1.21
40966.0,18,50,93766.9,Google,Video,3.16
30678.15,19,55,54997.49,Google,Text,1.65
31232.84,26,43,48545.45,Google,Video,0.58
13725.12,34,37,116989.15,Google,Image,2.36
30945.04,42,64,141791.78,Instagram,Text,0.81
4254.59,50,33,117902.13,Facebook,Video,2.5
41638.08,41,44,134720.53,Facebook,Video,1.82
33109.08,50,57,98113.92,Google,Image,2.17
3749.5,28,25,39453.36,Facebook,Image,4.36
46440.73,52,39,85784.44,Instagram,Image,2.36
40952.98,22,41,69910.23,Instagram,Image,0.52
14054.43,20,45,116079.73,Google,Image,0.71
39205.03,48,36,46118.1,Twitter,Video,2.96
9822.49,46,38,104497.72,Google,Text,4.55
32553.28,31,35,123781.0,Google,Text,1.39
2262.98,41,36,76601.57,Twitter,Text,2.29
20027.23,16,25,123170.51,Google,Image,3.14
32770.08,30,43,89146.19,Instagram,Text,3.15
31354.85,60,47,86183.99,Twitter,Text,4.17
11907.42,50,65,106926.11,Facebook,Image,2.06
12815.85,18,21,82880.13,Twitter,Image,4.49
4855.15,56,23,102514.92,Instagram,Image,4.57
8912.91,48,29,31743.36,Instagram,Video,3.85
30932.13,24,32,98059.43,Twitter,Image,3.43
25499.65,51,20,141511.57,Instagram,Image,4.78
45427.34,26,26,124658.95,Twitter,Text,2.11
27786.91,35,39,93891.83,Google,Image,4.57
48700.1,59,39,149634.31,Instagram,Image,2.68
9628.32,10,43,136887.59,Twitter,Image,4.8
22797.58,54,51,67932.41,Twitter,Image,4.77
2452.41,28,43,106615.26,Twitter,Image,3.29
48809.94,38,38,45377.6,Twitter,Text,1.94
15803.78,28,43,149552.33,Google,Video,1.49
33132.73,38,52,36707.15,Facebook,Image,2.13
46174.62,30,22,115583.74,Google,Video,0.62
6797.57,35,24,83715.38,Instagram,Text,0.51
28860.96,47,33,79808.87,Instagram,Video,1.94
41008.27,15,49,56183.98,Facebook,Text,3.72
29090.82,19,26,28343.56,Instagram,Image,2.89
17510.2,15,28,144919.02,Instagram,Video,2.71
26525.07,57,56,109195.08,Instagram,Image,2.34
3598.71,19,64,41974.11,Instagram,Text,2.36
40162.47,45,32,133577.06,Twitter,Image,4.81
38287.74,16,35,115370.45,Facebook,Video,3.69
44570.96,22,30,56238.86,Google,Video,3.84
47304.8,11,33,120044.42,Instagram,Video,4.43
23934.52,41,56,147255.69,Google,Text,2.07
12565.29,11,55,53504.04,Facebook,Text,1.04
6940.54,18,44,93091.14,Facebook,Video,2.44
7799.22,27,19,60110.92,Facebook,Image,1.08
7108.83,55,55,79391.12,Google,Video,1.93
21340.67,14,47,106910.81,Twitter,Image,3.88
41153.23,28,60,98690.45,Instagram,Text,3.13
14840.63,55,30,110719.02,Facebook,Video,4.09
22342.46,44,65,85471.93,Facebook,Video,3.9
10258.69,26,60,67374.8,Google,Text,4.44
11024.23,36,36,77933.55,Facebook,Text,2.2
5162.96,42,33,136130.39,Twitter,Video,3.25
39900.78,42,50,140127.11,Google,Text,4.4
49896.23,58,53,121213.87,Twitter,Image,0.99
29632.66,39,27,74398.07,Twitter,Video,0.82
20317.27,12,56,22430.42,Instagram,Text,0.83
47620.15,36,26,75168.18,Facebook,Text,3.25
1339.94,50,48,40187.36,Google,Text,2.45
25874.4,13,25,90379.48,Google,Text,3.95
35855.16,28,25,51189.54,Instagram,Text,0.66
21364.02,29,38,40886.39,Facebook,Text,4.0
44258.66,54,31,47086.87,Google,Image,4.79
11982.14,15,27,100704.15,Twitter,Text,3.63
9512.17,24,29,71061.54,Google,Image,3.92
3232.88,45,32,76423.45,Twitter,Image,1.7
23799.98,36,48,51035.69,Google,Text,1.3
10749.15,54,31,62634.36,Instagram,Image,1.79
10505.42,22,45,76265.52,Twitter,Video,1.75
1382.74,18,49,76018.93,Twitter,Text,4.93
15135.67,47,60,124754.97,Twitter,Text,4.6
11206.28,30,23,68583.46,Facebook,Video,3.68
6834.57,59,56,21746.91,Instagram,Image,1.21
38543.6,33,27,69468.0,Instagram,Image,2.97
23088.27,37,20,112544.16,Instagram,Image,3.06
7142.01,56,58,61105.46,Twitter,Text,1.32
47520.7,19,21,77956.9,Instagram,Text,3.35
34691.77,32,60,116962.17,Facebook,Video,4.83
11367.35,45,50,72069.43,Instagram,Video,3.37
9134.5,36,24,32415.02,Instagram,Video,3.53
35582.53,58,20,145449.61,Facebook,Text,4.7
26322.52,30,40,113463.17,Twitter,Image,3.56
11265.91,15,25,146203.09,Twitter,Image,2.22
26613.8,40,41,75571.65,Instagram,Text,4.12
8326.86,24,35,52356.48,Twitter,Image,1.19
37530.16,18,47,117780.91,Instagram,Text,2.15
21446.56,54,38,28337.7,Google,Video,4.38
37558.94,21,31,129508.03,Twitter,Video,2.3
47152.13,11,31,76265.23,Twitter,Video,3.08
42609.66,15,20,38465.69,Facebook,Image,2.43
29401.92,29,29,23962.64,Instagram,Video,1.57
16864.98,43,33,95551.95,Facebook,Video,0.54
31888.95,47,45,148859.34,Google,Video,3.09
10669.18,51,60,55584.54,Instagram,Video,4.21
24712.98,50,28,68387.33,Facebook,Video,1.61
46590.96,32,50,80098.82,Facebook,Image,4.08
21782.17,37,37,52178.35,Google,Image,0.81
4285.21,34,46,79137.48,Instagram,Video,3.59
48160.26,28,51,136912.55,Google,Image,4.78
44002.18,29,53,81494.02,Twitter,Video,3.51
22552.85,29,47,90225.6,Instagram,Text,2.49
35031.17,17,37,20263.06,Instagram,Text,4.36
26598.32,17,43,62085.23,Instagram,Image,1.41
49659.17,23,51,92144.43,Twitter,Video,1.21
24633.32,38,52,132905.78,Instagram,Text,1.03
26247.26,55,36,38436.04,Twitter,Text,1.65
2224.41,46,29,126542.35,Instagram,Image,2.76
16580.78,58,26,65306.62,Twitter,Image,2.86
36924.99,14,30,63697.69,Twitter,Video,1.44
46299.17,33,61,130717.38,Instagram,Video,2.67
8355.87,39,65,41077.68,Twitter,Text,3.21
32367.0,11,26,108182.26,Google,Video,4.71
34740.01,32,64,107038.27,Google,Image,4.51
40111.92,13,63,110459.27,Google,Image,2.52
24209.32,45,19,52769.56,Twitter,Image,4.79
22028.68,31,58,124777.73,Twitter,Video,3.17
40611.48,20,33,70146.33,Instagram,Text,0.87
2514.02,13,45,138371.23,Instagram,Image,3.08
48527.57,11,50,93996.3,Facebook,Video,0.67
40492.61,42,28,99036.76,Instagram,Text,4.5
24453.59,37,38,22067.81,Twitter,Text,2.72
19751.53,57,29,147096.32,Google,Text,1.27
12684.86,27,38,116836.17,Instagram,Text,0.81
35757.56,29,41,85591.46,Facebook,Image,4.23
8445.04,43,44,120859.48,Instagram,Text,4.22
47684.72,13,32,92500.29,Twitter,Text,3.05
8330.92,58,39,57031.18,Facebook,Text,3.57
18217.48,12,35,49141.14,Instagram,Text,3.41
24210.83,14,23,20912.75,Facebook,Video,1.04
23851.2,12,46,46491.37,Twitter,Image,4.96
37365.01,28,36,42346.01,Google,Image,2.0
30188.58,36,49,148099.34,Instagram,Image,3.25
4735.52,21,56,143078.4,Google,Text,3.82
6844.29,43,36,123849.47,Facebook,Text,4.8
31123.73,57,42,66208.46,Facebook,Image,3.96
1010.29,23,53,148570.37,Instagram,Text,2.32
45172.23,35,62,46516.98,Twitter,Image,1.08
5411.67,35,54,64270.17,Facebook,Text,1.15
43364.38,23,62,77520.11,Facebook,Image,3.6
34083.79,23,63,115551.6,Facebook,Video,4.3
38883.43,30,53,83665.58,Google,Text,3.56
16907.41,34,41,33167.08,Facebook,Video,1.05
43949.99,43,51,46085.17,Instagram,Text,1.5
2609.43,19,54,29608.03,Twitter,Image,1.57
39734.73,59,43,80323.56,Instagram,Text,0.63
16005.32,52,20,90314.2,Instagram,Video,4.34
48177.12,40,20,35115.17,Google,Image,2.21
9410.51,44,30,141353.75,Google,Video,2.96
7328.43,35,47,50774.56,Facebook,Text,4.49
49547.55,35,33,132678.92,Twitter,Video,1.41
9673.94,17,50,86008.7,Google,Video,1.89
37135.71,24,28,98881.92,Instagram,Image,3.09
5529.11,18,37,26625.68,Google,Image,4.72
15349.13,38,49,106903.48,Twitter,Image,1.75
21950.28,58,30,86713.1,Twitter,Video,2.92
31287.38,19,64,113470.92,Instagram,Image,2.85
23213.61,60,60,59539.66,Instagram,Image,3.32
22756.2,32,62,59581.1,Google,Video,2.23
32945.61,27,42,144441.16,Twitter,Video,1.14
17755.01,34,22,26937.48,Instagram,Video,3.71
34196.8,42,29,86354.42,Twitter,Image,1.22
49616.66,57,28,99792.97,Google,Text,2.66
23303.47,50,64,45294.54,Twitter,Image,4.51
27263.85,48,60,77079.94,Google,Video,3.76
49552.33,42,44,39982.77,Google,Text,2.5
41104.64,31,49,97677.2,Google,Image,1.58
30998.07,46,56,120133.35,Google,Video,3.52
23010.19,40,51,37987.51,Instagram,Image,2.22
44785.3,54,30,65458.02,Twitter,Text,2.8
43292.3,17,21,104885.75,Twitter,Image,3.28
24284.46,47,51,108457.63,Facebook,Text,3.29
15244.53,36,38,141587.35,Instagram,Video,3.32
15189.61,49,63,29762.96,Twitter,Video,0.51
33956.09,27,62,57461.25,Instagram,Video,3.78
36243.8,12,43,38041.22,Instagram,Image,2.68
11160.14,42,59,107031.65,Instagram,Video,4.49
47089.66,51,52,134112.29,Twitter,Video,3.13
13201.04,42,25,50536.25,Facebook,Image,1.86
24775.54,47,19,29000.04,Google,Image,2.36
31155.01,51,60,114179.28,Google,Text,1.16
36321.51,47,56,121450.23,Google,Text,3.83
41894.29,56,29,86680.35,Facebook,Text,3.45
28939.71,17,40,33807.96,Twitter,Text,2.02
11754.46,54,59,23876.42,Facebook,Image,4.73
16617.79,19,55,62812.01,Facebook,Image,4.81
17835.39,54,27,54548.79,Instagram,Text,3.26
14304.46,19,34,63052.19,Twitter,Video,3.47
29650.02,56,35,74801.95,Instagram,Text,2.48
32173.24,45,30,71109.41,Twitter,Image,1.68
18603.71,60,32,146413.78,Instagram,Video,3.5
30943.55,26,31,71900.04,Google,Image,2.96
40897.69,50,45,76212.19,Facebook,Video,3.16
32923.94,14,39,108957.94,Facebook,Video,1.26
18279.17,27,53,54110.92,Instagram,Video,2.81
32386.36,43,40,97697.42,Twitter,Image,2.12
5903.0,51,28,138821.57,Facebook,Image,2.41
39475.17,52,27,54251.58,Facebook,Text,4.57
15434.27,55,61,31035.99,Instagram,Image,0.76
40957.26,50,54,83828.69,Google,Image,4.98
20049.73,30,62,23089.09,Instagram,Video,3.52
16893.69,25,20,96542.72,Google,Video,1.47
20443.71,35,48,99797.42,Instagram,Text,3.82
47678.69,48,44,44034.18,Twitter,Text,2.17
2182.11,53,22,142024.23,Facebook,Image,2.5
38450.38,41,41,141615.7,Facebook,Text,1.42
48305.8,39,21,23845.53,Twitter,Video,3.99
41871.96,24,30,27646.0,Twitter,Video,0.9
5488.87,18,60,107616.91,Facebook,Video,4.0
12300.83,25,39,23529.62,Google,Text,3.91
17680.61,53,63,115471.35,Facebook,Text,3.25
45286.8,38,51,40326.89,Instagram,Video,1.92
19822.49,44,41,141708.44,Facebook,Image,1.35
27900.67,35,20,37124.54,Facebook,Video,2.85
8406.84,54,49,145604.35,Google,Image,3.73
36233.01,25,60,63053.07,Twitter,Image,3.19
25670.45,33,56,94107.1,Google,Image,3.76
7831.81,14,27,38492.31,Instagram,Video,1.84
43908.59,30,32,95435.63,Twitter,Video,4.2
33446.24,13,20,28791.75,Facebook,Text,4.66
26336.4,35,27,39118.88,Google,Image,4.52
18028.54,13,32,40496.87,Twitter,Video,3.39
8691.46,12,44,113499.12,Google,Text,4.65
31999.25,25,41,55549.68,Instagram,Text,1.95
4348.24,53,54,63697.36,Twitter,Text,3.5
24852.27,49,34,67046.46,Instagram,Image,2.05
9962.13,57,45,33805.38,Facebook,Text,4.61
47922.25,15,62,83779.48,Facebook,Text,1.44
42177.98,23,54,129976.83,Twitter,Video,2.19
11275.38,24,49,36322.89,Google,Video,4.19
4455.87,10,55,84959.75,Facebook,Text,4.02
16066.54,51,53,72864.31,Google,Text,0.76
28058.65,58,37,20035.38,Facebook,Video,1.52
27633.12,28,63,66660.91,Google,Video,1.3
43356.64,34,30,89782.2,Facebook,Image,2.31
16057.09,26,42,55157.44,Facebook,Text,0.65
13015.74,54,22,78429.5,Facebook,Text,4.76
9688.25,37,55,20790.72,Instagram,Video,1.39
11491.76,14,18,57013.19,Instagram,Video,0.85
2838.32,39,28,106368.32,Instagram,Image,4.06
29043.96,58,55,107943.53,Google,Image,1.57
47326.02,30,50,74914.99,Instagram,Text,2.0
13333.59,12,28,129945.86,Facebook,Video,3.73
23508.86,35,38,108260.61,Facebook,Image,4.25
9211.1,45,37,20365.77,Twitter,Video,4.12
25363.51,21,62,31778.43,Twitter,Image,2.97
32323.72,40,63,90055.87,Facebook,Text,3.88
43139.4,58,45,60634.69,Twitter,Image,2.52
33674.63,30,63,79306.23,Facebook,Image,3.73
2986.75,18,22,139397.83,Twitter,Text,1.35
2344.5,23,49,111274.22,Google,Video,3.63
18809.64,13,45,83914.05,Twitter,Text,1.38
35698.89,14,31,138711.19,Twitter,Image,1.21
41400.08,14,24,45431.84,Google,Video,4.57
26119.58,31,37,40000.82,Twitter,Video,2.02
41680.76,22,60,69282.12,Google,Image,4.9
49823.89,36,28,44975.46,Instagram,Image,2.3
27848.41,31,40,107569.35,Twitter,Text,2.13
15889.92,31,23,122669.7,Instagram,Text,1.7
43521.24,19,26,144417.05,Twitter,Video,2.83
40415.14,18,18,47342.83,Google,Image,3.08
16533.56,13,35,114635.42,Instagram,Image,1.45
35173.99,41,47,146172.04,Twitter,Image,2.9
14235.83,45,21,38810.23,Instagram,Image,4.71
15817.25,46,23,132648.81,Google,Text,4.54
3639.42,54,27,72785.5,Twitter,Image,4.38
36958.64,53,62,30361.53,Instagram,Image,2.46
24965.38,27,33,20398.93,Instagram,Text,3.03
6335.31,10,23,130905.31,Instagram,Text,3.55
32091.26,35,26,102486.7,Twitter,Text,0.51
1985.42,49,63,89392.26,Facebook,Video,1.23
36328.58,46,42,100943.56,Instagram,Video,1.91
33565.2,26,20,36800.94,Google,Text,1.22
40847.65,31,64,139102.64,Google,Video,3.46
48873.43,15,58,68031.94,Google,Video,4.65
11105.93,29,38,63405.02,Facebook,Video,3.29
42185.76,47,53,96359.73,Facebook,Image,2.91
4130.71,32,35,34972.77,Facebook,Video,2.21
39366.51,51,37,107860.24,Facebook,Video,3.91
35608.08,59,61,47704.23,Twitter,Text,2.99
45981.13,46,50,148752.37,Twitter,Text,1.88
39473.46,40,43,121597.27,Google,Image,0.81
27156.61,15,26,63313.43,Google,Image,1.09
49980.68,37,61,126008.13,Google,Text,4.38
41962.48,39,32,88296.96,Google,Video,3.01
15788.58,52,33,113110.43,Twitter,Text,3.47
12214.98,33,27,44362.12,Facebook,Video,2.98
42238.96,59,61,136369.18,Google,Video,3.91
46782.24,53,40,76062.73,Twitter,Image,2.2
46369.26,44,39,25885.06,Google,Text,3.71
13661.94,41,52,52825.33,Instagram,Text,1.93
24514.0,58,63,122880.56,Google,Video,4.99
3654.99,32,28,108517.32,Instagram,Video,1.14
47053.21,36,39,148219.9,Google,Video,3.82
46835.44,53,64,38788.43,Facebook,Text,4.84
47478.56,54,41,84645.6,Facebook,Image,1.44
29699.84,36,22,54798.17,Facebook,Image,1.09
11357.6,53,61,20487.22,Twitter,Video,4.38
3435.23,43,18,84077.29,Instagram,Text,4.19
12370.14,23,21,73793.53,Google,Video,3.36
26197.71,59,47,118355.29,Google,Image,2.61
44729.24,23,36,94630.37,Google,Video,1.63
4717.0,57,48,105178.03,Google,Image,2.87
47238.32,52,29,97176.78,Twitter,Text,1.33
42161.68,27,54,101473.1,Facebook,Image,2.13
5184.56,40,63,89336.66,Google,Image,4.84
6377.82,23,28,91206.41,Twitter,Text,3.4
45285.74,31,56,28689.83,Instagram,Image,2.87
24902.65,16,53,20182.88,Twitter,Text,4.51
36672.59,55,63,138623.55,Facebook,Text,4.56
32923.95,17,40,26745.03,Instagram,Video,3.35
6862.09,25,58,109708.32,Instagram,Video,1.08
21724.6,21,22,146341.69,Google,Video,4.07
41811.17,50,46,36455.27,Google,Video,3.89
39645.09,39,19,47710.92,Instagram,Text,1.23
10959.74,40,50,28577.54,Facebook,Text,3.26
3160.2,23,41,21105.46,Twitter,Video,2.75
41134.46,30,20,104486.44,Twitter,Text,1.82
49903.43,28,47,105420.53,Facebook,Video,1.23
19441.98,39,63,149273.29,Facebook,Text,4.86
16012.82,53,32,117107.95,Facebook,Image,2.48
8253.6,29,21,23153.1,Twitter,Image,1.08
32958.96,11,18,141515.82,Facebook,Video,0.51
3999.74,16,61,119483.96,Instagram,Image,1.11
43806.45,39,48,86031.38,Google,Text,1.29
46060.71,43,60,60534.88,Google,Video,3.83
12067.35,56,61,126305.88,Instagram,Text,0.93
35481.21,45,42,107708.94,Google,Image,3.0
22408.82,20,33,72684.59,Google,Image,4.49
5967.27,27,24,135331.04,Facebook,Image,1.36
11490.9,53,18,141429.58,Twitter,Image,4.33
12403.91,14,40,52754.17,Twitter,Image,3.39
11806.49,43,49,145361.89,Instagram,Image,3.72
10025.41,47,44,99422.27,Google,Text,3.62
14933.9,34,23,25856.45,Twitter,Video,4.72
21955.3,26,25,123334.17,Instagram,Image,2.67
1277.31,38,57,77379.5,Instagram,Video,2.37
16021.44,18,21,91892.35,Facebook,Text,3.41
16234.1,59,32,38098.7,Google,Video,2.46
49991.01,20,34,56727.23,Twitter,Image,0.53
42289.48,23,48,146466.08,Instagram,Image,3.32
13686.73,47,56,65738.45,Facebook,Image,2.48
47703.29,31,38,55817.1,Instagram,Video,2.81
2301.82,31,30,132525.92,Facebook,Text,1.99
23541.23,17,65,41049.63,Instagram,Image,2.29
2747.95,37,27,85144.12,Twitter,Text,2.77
27159.59,55,34,61228.01,Instagram,Text,0.99
16422.88,51,61,111024.52,Twitter,Video,2.29
21503.49,20,40,91123.58,Google,Text,2.92
18483.96,37,24,20382.05,Twitter,Video,4.16
14301.65,22,39,75356.38,Twitter,Image,2.42
20294.96,26,33,48527.09,Instagram,Video,2.58
24284.96,37,30,58815.01,Google,Text,3.13
25946.2,48,42,113740.33,Facebook,Image,4.46
29878.12,13,23,102510.5,Twitter,Text,1.51
33503.61,27,34,121129.55,Twitter,Image,4.01
40773.51,21,27,118074.15,Twitter,Text,4.37
30807.04,28,62,114479.33,Google,Video,1.28
22127.29,56,32,23266.79,Facebook,Video,4.16
20258.08,13,31,94442.56,Instagram,Video,3.49
46288.72,60,24,81052.84,Facebook,Image,1.6
26460.55,26,50,31728.82,Twitter,Image,2.96
38336.1,41,45,131375.49,Google,Image,2.12
41116.18,20,24,92198.87,Google,Image,3.8
49603.84,54,18,125328.43,Instagram,Text,1.15
46052.52,53,53,81437.35,Google,Image,3.33
12743.75,16,53,60256.27,Instagram,Video,3.11
46806.04,45,23,141778.65,Facebook,Image,3.69
14760.45,56,34,118880.2,Facebook,Text,2.51
26623.15,20,56,102403.66,Facebook,Text,4.56
34800.45,46,19,22377.31,Facebook,Text,4.68
24249.05,38,19,132803.82,Google,Video,2.02
40381.48,58,20,91306.45,Twitter,Video,3.11
13583.62,16,36,112157.94,Google,Text,1.49
28712.13,41,62,101060.05,Instagram,Video,3.17
47122.55,37,40,33102.14,Instagram,Video,4.09
24629.05,24,65,119340.08,Twitter,Video,4.94
31595.26,38,58,106968.18,Twitter,Image,2.59
16615.7,48,35,38638.77,Twitter,Video,3.19
2374.29,41,57,141836.26,Facebook,Image,0.91
22317.33,22,30,93631.21,Twitter,Video,3.04
24919.65,33,49,92674.74,Facebook,Video,2.49
31177.92,23,22,142765.91,Instagram,Text,2.18
25498.8,27,61,136829.61,Facebook,Video,4.17
31385.71,19,36,106715.01,Instagram,Text,4.15
7953.27,21,40,35940.1,Facebook,Video,3.06
6779.35,51,54,31718.29,Instagram,Text,2.91
17941.75,21,59,81409.76,Google,Text,3.4
38965.01,33,31,37367.15,Google,Image,3.83
35226.81,33,47,142912.52,Facebook,Video,2.37
45132.42,36,45,147010.37,Facebook,Image,0.55
15717.91,50,19,123602.78,Instagram,Image,4.66
22807.21,54,48,133917.74,Facebook,Text,2.42
35191.27,53,59,132654.31,Google,Image,3.17
40620.59,47,64,143845.35,Google,Video,0.97
36925.69,58,42,136778.38,Google,Video,1.39
28690.22,42,63,116984.79,Facebook,Image,3.25
9403.08,38,49,138981.83,Google,Video,2.85
24850.88,46,18,127916.84,Google,Image,3.82
29271.14,49,28,48905.01,Instagram,Video,3.82
22567.31,18,28,58965.1,Instagram,Image,4.11
24934.85,45,50,62490.98,Instagram,Video,0.67
23747.89,16,56,62519.07,Twitter,Image,3.86
26520.96,30,56,142277.46,Facebook,Image,2.75
31715.26,10,43,96229.04,Instagram,Text,2.84
32335.54,31,62,133886.13,Facebook,Image,2.79
5216.54,10,35,57058.75,Facebook,Video,2.5
41626.88,23,42,117042.94,Facebook,Video,0.95
30738.56,56,34,110471.09,Twitter,Image,3.34
23551.62,23,46,112440.58,Twitter,Text,4.37
20072.73,21,42,81239.1,Instagram,Image,0.83
44760.28,30,46,129304.5,Google,Image,1.32
17754.56,16,49,109502.41,Twitter,Video,3.49
40573.07,55,56,134385.69,Instagram,Image,1.29
44555.0,47,62,39676.14,Google,Video,4.13
20200.65,18,57,81524.61,Instagram,Text,3.99
30478.17,29,54,139439.68,Facebook,Text,4.26
11916.23,46,52,149586.71,Google,Text,4.03
11991.22,49,21,20500.07,Facebook,Image,1.53
32493.0,35,29,118894.25,Facebook,Image,2.76
6709.51,55,59,131870.42,Twitter,Video,4.07
43044.59,22,44,23549.89,Facebook,Video,3.28
18454.93,37,31,106953.79,Instagram,Video,2.89
5121.47,60,27,86567.47,Facebook,Video,1.06
22314.52,58,47,21744.42,Instagram,Video,1.94
26348.59,35,21,23298.85,Google,Text,0.88
39454.67,11,35,49837.06,Google,Image,4.46
45537.73,57,50,35690.56,Google,Video,3.18
8009.95,14,22,22970.71,Facebook,Text,0.62
22835.71,32,46,86276.79,Google,Image,1.84
29886.43,14,37,118651.73,Instagram,Image,2.47
1066.02,39,26,103319.31,Twitter,Image,1.98
39174.26,59,18,77730.74,Facebook,Text,2.03
1213.59,30,34,26629.9,Instagram,Video,0.53
14192.72,24,59,72616.38,Instagram,Video,1.71
17401.66,14,21,80667.46,Google,Text,3.23
48702.58,13,38,140212.83,Facebook,Video,1.47
38488.63,32,62,68399.69,Instagram,Text,4.75
24483.21,39,53,70633.25,Facebook,Image,0.93
38027.78,17,41,55217.9,Facebook,Video,2.39
35499.27,19,44,98799.81,Facebook,Video,3.12
16088.13,48,39,77249.78,Facebook,Text,3.13
31714.03,18,29,125744.46,Facebook,Text,3.68
46340.97,39,53,67628.58,Instagram,Text,2.53
1934.03,15,21,48693.61,Google,Text,4.6
38550.38,50,50,45662.96,Facebook,Image,2.23
41478.3,49,59,130770.23,Google,Text,4.18
34152.23,19,52,108146.76,Instagram,Image,3.69
10871.01,41,59,64494.15,Google,Text,3.64
37809.96,20,19,83457.39,Facebook,Image,1.88
6823.74,36,32,137919.22,Facebook,Text,3.88
9296.88,38,65,133786.57,Twitter,Image,2.28
34050.76,13,54,143082.7,Instagram,Image,2.54
40041.75,14,63,124250.75,Instagram,Text,1.89
46242.53,53,51,76169.73,Twitter,Video,1.67
49100.31,45,51,121674.53,Google,Text,0.58
18104.29,29,30,138599.8,Google,Text,3.61
45368.01,11,18,30483.74,Facebook,Video,1.46
20456.67,41,39,136994.01,Instagram,Video,3.83
2132.4,43,45,86954.65,Twitter,Video,0.56
32493.4,34,52,63435.75,Twitter,Text,2.68
8427.98,46,43,149551.6,Facebook,Image,3.44
7587.87,60,46,93677.43,Instagram,Text,1.09
35200.62,45,24,24451.78,Facebook,Image,4.47
12154.84,15,29,47426.29,Google,Image,4.68
44072.26,18,50,135035.16,Twitter,Image,2.18
48289.35,28,22,28411.32,Instagram,Image,2.47
35085.16,50,42,49918.08,Facebook,Image,2.83
19747.47,26,39,27200.51,Google,Image,3.21
34770.44,53,47,104285.02,Instagram,Text,4.54
1300.28,25,35,44697.73,Instagram,Video,4.54
32084.02,45,50,115417.24,Google,Text,1.65
45499.11,21,49,138595.58,Instagram,Text,1.92
30015.79,24,61,98458.5,Google,Text,0.82
32246.99,23,55,70762.09,Twitter,Video,1.5
6054.88,35,20,137719.99,Twitter,Image,3.33
43481.87,25,36,133380.78,Twitter,Text,1.55
17963.91,40,35,131940.56,Twitter,Text,1.83
8302.89,15,27,85981.14,Instagram,Image,3.49
11604.32,35,57,74042.12,Instagram,Image,4.29
10711.09,20,53,133002.96,Twitter,Image,3.82
49959.29,24,26,119984.51,Google,Text,1.81
29181.96,33,56,128093.34,Facebook,Text,2.19
43313.63,16,56,62252.33,Google,Text,0.61
23418.66,29,60,126752.13,Instagram,Text,1.66
18421.82,26,65,65839.88,Instagram,Text,0.76
14972.34,59,19,49193.36,Facebook,Image,2.41
43810.68,47,65,102302.46,Facebook,Text,1.35
7241.07,35,25,142424.52,Instagram,Text,3.41
1022.69,25,34,53387.63,Instagram,Video,2.24
48912.88,19,25,146405.4,Instagram,Video,1.8
25889.47,56,23,135708.64,Google,Video,3.36
22457.5,36,51,136242.27,Facebook,Video,3.6
49826.46,25,42,116920.05,Google,Video,2.81
46275.67,25,52,34128.31,Instagram,Video,3.66
45706.76,51,29,80303.33,Google,Text,2.35
28568.54,27,51,71651.87,Twitter,Text,4.01
41616.57,11,20,62033.52,Facebook,Text,1.57
21347.83,12,18,27103.11,Twitter,Text,3.13
19566.53,48,36,138919.71,Facebook,Video,3.05
7188.76,35,50,107316.42,Instagram,Image,4.97
33917.08,22,39,94115.17,Twitter,Video,4.09
4543.58,59,44,52238.19,Instagram,Text,4.22
29719.43,21,53,131813.52,Google,Video,2.98
1329.51,14,43,30007.78,Facebook,Video,2.07
12635.3,21,51,85261.74,Facebook,Video,2.91
25272.93,10,52,134632.97,Instagram,Text,2.74
40154.83,30,50,94821.45,Instagram,Text,4.18
21771.69,13,52,120726.75,Instagram,Image,2.37
46960.01,42,27,132677.79,Google,Video,3.37
46640.29,45,63,62646.8,Facebook,Video,4.05
27258.97,19,39,80834.35,Google,Video,1.77
15967.6,19,38,75983.0,Facebook,Image,3.5
11938.67,38,59,66802.01,Twitter,Video,4.07
45383.7,51,55,111044.46,Facebook,Video,0.73
30168.26,21,31,110658.77,Facebook,Image,2.92
4701.99,60,37,116892.52,Instagram,Video,2.17
9087.99,50,62,146572.78,Instagram,Video,4.64
6812.39,30,25,134000.6,Twitter,Image,3.26
48524.71,37,55,60911.0,Instagram,Image,1.11
22534.9,40,59,110568.43,Twitter,Text,1.5
47427.82,46,35,68118.4,Google,Text,1.76
15194.48,54,32,90555.12,Twitter,Video,1.76
26242.97,42,26,21795.19,Instagram,Video,1.99
36779.34,13,53,138521.42,Instagram,Text,1.85
16402.71,58,24,57074.87,Instagram,Text,0.55
17349.38,49,30,128909.5,Twitter,Text,4.24
15026.46,29,19,109002.32,Facebook,Text,3.97
42001.89,59,58,80076.65,Instagram,Video,2.65
27965.48,26,50,33963.64,Twitter,Video,2.02
7004.97,45,19,97453.27,Twitter,Text,4.04
24446.78,57,40,112925.99,Instagram,Image,2.53
45139.92,60,38,132605.72,Google,Image,4.5
34733.01,52,26,89900.1,Twitter,Video,2.68
14889.06,10,56,80301.4,Twitter,Video,1.19
9652.73,53,27,119911.92,Instagram,Video,1.64
11756.42,31,50,112524.98,Instagram,Text,3.21
46107.25,21,24,75933.74,Twitter,Video,3.0
5147.43,22,45,146084.53,Instagram,Image,3.17
3562.31,40,23,134440.06,Twitter,Image,2.61
40294.55,59,27,68617.83,Instagram,Text,3.73
15495.07,28,62,98509.74,Instagram,Text,2.76
8859.31,57,25,39487.23,Facebook,Video,1.25
46704.16,49,27,139733.21,Google,Video,4.43
46754.46,47,18,28441.17,Facebook,Image,3.29
34207.29,54,37,116081.4,Google,Image,3.25
35936.25,33,56,102130.1,Facebook,Text,3.81
35743.51,14,45,116861.92,Twitter,Video,1.57
9860.26,25,36,20289.47,Twitter,Text,3.25
47923.6,46,58,103050.89,Facebook,Video,1.72
37270.94,40,40,139938.99,Twitter,Text,1.31
25765.07,48,29,127505.71,Instagram,Video,3.53
33712.27,36,19,93161.21,Instagram,Text,4.08
6185.56,23,51,91563.98,Google,Video,4.41
15202.15,39,21,128402.5,Twitter,Text,1.98
44044.86,23,42,132647.28,Google,Image,2.73
1576.42,21,34,82377.55,Instagram,Text,2.66
26013.66,19,34,103620.39,Instagram,Text,1.63
22630.65,22,49,26106.73,Twitter,Video,4.08
2635.47,54,23,88438.85,Twitter,Video,1.38
16537.8,38,62,60476.93,Google,Image,1.2
20491.5,19,33,29264.02,Twitter,Image,2.53
38373.06,59,49,110791.44,Google,Text,0.75
29052.11,14,29,146143.28,Instagram,Image,4.4
27162.52,13,63,146292.49,Twitter,Video,3.52
49089.42,51,54,61598.25,Instagram,Text,3.66
10010.59,21,22,137361.73,Instagram,Text,4.21
20235.59,58,54,149586.67,Instagram,Text,3.48
16422.01,42,24,147052.19,Facebook,Text,3.7
37891.38,23,62,33260.15,Google,Text,0.63
17115.47,45,52,47603.77,Google,Text,3.02
39662.79,51,20,25528.12,Google,Image,4.6
35006.12,52,43,115189.69,Instagram,Text,1.44
37716.31,34,47,144210.24,Google,Text,3.89
43339.83,23,39,77479.55,Twitter,Text,3.04
31112.11,54,39,78395.96,Google,Image,3.14
42442.13,29,37,57061.11,Instagram,Video,3.86
29770.32,36,47,33218.71,Instagram,Image,2.01
20314.53,53,60,142843.2,Google,Image,0.66
16708.56,18,64,109058.56,Google,Video,1.87
49577.7,34,63,31810.57,Facebook,Text,3.5
2343.18,46,58,115489.61,Facebook,Text,3.39
33162.37,33,37,102732.16,Google,Image,4.17
9636.86,37,54,145450.99,Facebook,Image,3.4
28706.78,18,52,28081.63,Facebook,Video,2.92
9366.71,28,40,144773.88,Instagram,Image,4.68
39119.25,34,43,127797.85,Google,Text,4.19
8051.86,29,18,34548.99,Twitter,Text,1.31
44716.05,20,47,107029.39,Twitter,Text,4.54
23526.72,36,57,53919.96,Twitter,Video,3.52
16410.4,54,51,26144.93,Google,Video,3.91
38361.89,23,57,31235.46,Facebook,Text,4.46
45092.47,24,25,77616.87,Facebook,Text,2.78
14251.68,57,42,49841.37,Google,Image,2.16
32239.95,58,29,146392.18,Google,Image,3.67
13276.86,34,25,100153.58,Instagram,Video,0.99
1436.72,25,19,58169.17,Facebook,Image,3.68
22584.86,29,32,63980.58,Twitter,Text,4.86
44218.22,32,46,87813.63,Google,Video,1.7
28141.55,47,25,33493.12,Instagram,Text,4.5
36209.75,43,50,106163.55,Facebook,Image,3.04
14623.18,17,28,136347.89,Twitter,Video,0.57
26904.4,50,64,115766.43,Instagram,Video,2.44
2686.81,17,62,105070.06,Facebook,Text,1.94
1043.19,16,18,68587.69,Twitter,Text,4.88
24010.47,17,36,147548.39,Google,Video,3.96
29309.94,17,35,88637.43,Google,Image,4.8
32116.28,27,42,55149.29,Facebook,Text,2.7
38380.13,28,31,78018.18,Facebook,Video,2.05
4906.97,60,56,73051.62,Instagram,Image,3.1
8144.34,37,19,141772.27,Facebook,Text,4.34
15209.91,60,45,85205.53,Google,Text,1.95
37012.43,58,44,109179.86,Google,Text,2.42
30885.29,16,56,53518.48,Facebook,Text,2.28
15827.04,30,26,67107.85,Google,Image,0.73
18578.64,51,38,47693.79,Facebook,Video,3.9
37906.87,42,56,44096.68,Google,Text,1.36
26572.76,11,55,109463.36,Facebook,Text,3.29
3826.09,29,19,70716.75,Facebook,Text,1.63
1692.71,41,58,97153.98,Instagram,Image,3.38
5219.95,59,22,114240.52,Google,Video,4.26
17873.35,15,48,25687.5,Google,Video,3.31
18646.09,26,41,130043.72,Instagram,Text,4.29
33579.47,60,46,147580.07,Instagram,Text,2.56
42223.62,47,25,144869.74,Google,Video,2.29
31928.33,39,53,65995.96,Twitter,Text,0.6
46611.04,51,38,140325.94,Google,Image,2.18
17556.51,42,58,62427.23,Google,Text,0.6
49235.56,37,20,94032.58,Twitter,Image,2.36
13190.04,31,55,73396.63,Facebook,Video,4.66
14205.99,53,22,148266.87,Twitter,Image,1.37
34957.16,35,18,93666.33,Instagram,Image,1.3
23583.31,38,50,75492.95,Google,Image,2.74
18757.61,17,21,117965.21,Instagram,Video,4.49
19343.83,46,42,94824.02,Twitter,Image,1.77
2043.9,26,52,89433.42,Google,Video,4.03
21818.31,32,60,114036.86,Google,Text,4.51
30794.99,18,49,33668.65,Instagram,Image,2.5
32952.79,31,32,133677.66,Facebook,Text,2.26
23292.74,20,54,51632.73,Twitter,Text,4.44
26697.8,31,18,102316.67,Instagram,Video,3.2
25183.95,26,54,67644.03,Google,Text,3.74
32784.58,41,46,60945.49,Instagram,Text,2.43
38919.02,12,59,62959.15,Twitter,Text,4.81
10504.43,32,60,123829.93,Google,Video,2.23
39821.05,29,48,36961.84,Instagram,Video,1.17
27292.38,13,53,95445.56,Google,Image,1.75
41797.1,25,26,131887.1,Facebook,Image,2.58
41031.29,10,56,39334.63,Google,Image,2.62
27455.44,16,18,39316.08,Facebook,Text,2.91
17439.14,10,52,108064.35,Instagram,Text,3.63
45921.48,18,64,105259.32,Facebook,Video,0.53
22978.21,16,22,70593.0,Google,Image,1.96
11082.63,15,36,41801.29,Instagram,Video,4.57
13730.59,56,58,70225.6,Twitter,Text,4.54
34811.45,28,41,82952.08,Google,Text,1.59
3455.83,57,56,26260.14,Google,Video,3.82
36938.01,48,59,66782.04,Twitter,Text,4.45
23319.42,30,24,49875.61,Twitter,Video,3.98
30312.99,56,45,24772.89,Twitter,Video,1.16
2944.43,17,30,107430.47,Instagram,Video,2.81
28558.01,11,58,73144.79,Google,Image,0.68
32499.7,29,48,85835.49,Facebook,Video,1.74
3410.39,13,31,142432.84,Instagram,Text,3.0
11217.19,51,27,143376.31,Google,Image,2.19
11703.79,20,50,99327.09,Facebook,Video,0.76
38231.81,33,27,107470.07,Facebook,Video,3.34
39194.91,23,20,143515.44,Facebook,Text,3.04
3755.75,52,54,26310.0,Twitter,Video,0.91
3497.89,15,37,97685.77,Instagram,Video,3.04
44728.79,40,47,35183.26,Google,Video,4.61
